City_ID,City,Country,Lat,Lng,Max Temp,Humidity,Cloudiness,Wind Speed,Current Description
0,Sambava,MG,-14.2667,50.1667,69.42,78,6,9.75,clear sky
1,Filadelfia,US,39.9523,-75.1638,77.49,91,75,12.66,broken clouds
2,Umm Lajj,SA,25.0213,37.2685,85.41,53,4,6.96,clear sky
3,Vaini,TO,-21.2,-175.2,78.96,83,20,9.22,few clouds
4,Banda Aceh,ID,5.5577,95.3222,84.72,65,95,12.66,overcast clouds
5,Barrow,US,71.2906,-156.7887,42.82,75,100,17.27,overcast clouds
6,Constitucion,CL,-35.3333,-72.4167,47.55,89,73,5.88,broken clouds
7,Oktyabrskoye,RU,43.0645,44.7417,66.34,88,13,6.71,few clouds
8,Burnie,AU,-41.0667,145.9167,53.94,35,0,2.73,clear sky
9,Cape Town,ZA,-33.9258,18.4232,55.9,81,20,8.05,few clouds
10,Kapaa,US,22.0752,-159.319,85.98,75,20,18.41,few clouds
11,Rikitea,PF,-23.1203,-134.9692,74.48,75,5,12.21,clear sky
12,Champasak,LA,14.75,106.0,85.08,85,89,2.28,overcast clouds
13,Sitka,US,57.0531,-135.33,55.29,88,100,5.75,haze
14,Naze,JP,28.3667,129.4833,83.32,80,100,16.62,overcast clouds
15,Klaksvik,FO,62.2266,-6.589,52.72,93,95,16.4,light rain
16,Atuona,PF,-9.8,-139.0333,77.11,72,69,19.28,broken clouds
17,Ilulissat,GL,69.2167,-51.1,46.42,71,100,0.0,overcast clouds
18,Luderitz,NA,-26.6481,15.1594,55.42,87,0,10.2,clear sky
19,Ushuaia,AR,-54.8,-68.3,35.26,87,20,9.22,few clouds
20,Punta Arenas,CL,-53.15,-70.9167,39.31,81,40,27.63,scattered clouds
21,Sao Jose Da Coroa Grande,BR,-8.8978,-35.1478,74.14,83,59,11.27,broken clouds
22,Terralba,IT,39.7192,8.6392,71.78,73,0,6.2,clear sky
23,Bambous Virieux,MU,-20.3428,57.7575,69.22,77,75,11.5,light rain
24,Bredasdorp,ZA,-34.5322,20.0403,53.64,85,99,3.02,overcast clouds
25,Santa Isabel Do Rio Negro,BR,-0.4139,-65.0192,72.77,97,78,0.65,broken clouds
26,Srbac,BA,45.0978,17.525,53.73,42,5,1.86,clear sky
27,Burgos,ES,42.3394,-3.7079,68.41,42,0,3.44,clear sky
28,Ardon,RU,43.17,44.29,68.99,72,30,3.56,scattered clouds
29,Mataura,NZ,-46.1927,168.8643,45.48,89,100,4.16,overcast clouds
30,Beloha,MG,-25.1667,45.05,59.61,87,0,8.97,clear sky
31,Yellowknife,CA,62.456,-114.3525,70.32,60,75,2.3,broken clouds
32,Coquimbo,CL,-29.9533,-71.3436,51.53,93,0,4.61,clear sky
33,Hofn,IS,64.2539,-15.2082,50.29,85,100,10.71,overcast clouds
34,Upernavik,GL,72.7868,-56.1549,43.57,78,100,6.46,overcast clouds
35,Virginia Beach,US,36.8529,-75.978,83.01,85,0,10.36,clear sky
36,Chuy,UY,-33.6971,-53.4616,46.0,91,89,4.74,overcast clouds
37,Kahului,US,20.8947,-156.47,84.22,58,40,26.46,scattered clouds
38,Port Alfred,ZA,-33.5906,26.891,62.33,56,19,3.98,few clouds
39,Craig,US,40.5153,-107.5464,76.62,38,0,3.44,clear sky
40,Cabedelo,BR,-6.9811,-34.8339,74.07,85,43,14.54,scattered clouds
41,Hobart,AU,-42.8794,147.3294,49.26,73,75,5.75,broken clouds
42,Alofi,NU,-19.0595,-169.9187,76.89,73,75,17.27,broken clouds
43,Longyearbyen,SJ,78.2186,15.6401,53.44,66,75,14.97,broken clouds
44,Polunochnoye,RU,60.8697,60.4153,69.73,73,23,3.44,few clouds
45,Mar Del Plata,AR,-38.0023,-57.5575,41.95,86,0,7.0,clear sky
46,Taoudenni,ML,22.6783,-3.9836,92.14,10,4,6.13,clear sky
47,Okha,RU,53.5739,142.9478,54.12,97,100,15.59,overcast clouds
48,Saint-Augustin,CA,51.226,-58.6502,60.55,72,25,4.59,scattered clouds
49,Yar-Sale,RU,66.8333,70.8333,66.58,44,87,11.21,overcast clouds
50,Vila Franca Do Campo,PT,37.7167,-25.4333,75.2,95,65,3.13,broken clouds
51,Kodiak,US,57.79,-152.4072,56.71,77,0,6.91,clear sky
52,Torbay,CA,47.6666,-52.7314,64.76,83,100,18.41,light intensity shower rain
53,Pisco,PE,-13.7,-76.2167,60.85,82,100,5.75,mist
54,Praia Da Vitoria,PT,38.7333,-27.0667,70.75,88,75,7.18,broken clouds
55,Derzhavinsk,KZ,51.1,66.3167,77.13,41,0,3.56,clear sky
56,Qaanaaq,GL,77.484,-69.3632,41.54,72,16,1.43,few clouds
57,Katangli,RU,51.7102,143.2326,56.41,86,98,11.05,overcast clouds
58,Ostrovnoy,RU,68.0531,39.5131,59.31,72,72,5.03,broken clouds
59,Kruisfontein,ZA,-34.0033,24.7314,53.89,91,54,4.41,broken clouds
60,Hambantota,LK,6.1241,81.1185,86.34,79,20,8.05,few clouds
61,East London,ZA,-33.0153,27.9116,67.14,37,0,11.5,clear sky
62,Santa Ana,US,33.7456,-117.8678,86.52,73,40,8.05,scattered clouds
63,Saint George,US,37.1041,-113.5841,99.63,22,0,7.0,clear sky
64,Hithadhoo,MV,-0.6,73.0833,82.02,77,99,11.01,overcast clouds
65,Mahebourg,MU,-20.4081,57.7,69.26,77,75,11.5,broken clouds
66,Albany,US,42.6001,-73.9662,73.45,90,99,1.99,overcast clouds
67,Iqaluit,CA,63.7506,-68.5145,38.93,93,75,13.8,broken clouds
68,Saskylakh,RU,71.9167,114.0833,43.41,68,100,16.4,overcast clouds
69,Nikolskoye,RU,59.7035,30.7861,59.88,74,69,5.12,broken clouds
70,Soto La Marina,MX,23.7667,-98.2167,82.78,74,14,12.17,few clouds
71,Faanui,PF,-16.4833,-151.75,76.33,71,2,5.55,light rain
72,Butaritari,KI,3.0707,172.7902,82.49,74,57,16.98,broken clouds
73,Blacksburg,US,37.2296,-80.4139,70.66,94,75,0.0,broken clouds
74,Genc,TR,38.7507,40.5603,72.97,56,0,6.38,clear sky
75,Shahr-E Kord,IR,32.3256,50.8644,60.57,23,0,2.3,clear sky
76,Puerto Ayora,EC,-0.7393,-90.3518,68.56,94,65,5.99,broken clouds
77,Hasaki,JP,35.7333,140.8333,84.6,79,100,18.32,overcast clouds
78,Ribeira Grande,PT,38.5167,-28.7,71.87,91,22,1.16,few clouds
79,Busselton,AU,-33.65,115.3333,59.79,67,0,8.77,clear sky
80,Kovdor,RU,67.5662,30.4758,54.39,90,94,2.33,overcast clouds
81,Roma,US,43.2128,-75.4557,70.72,95,100,12.66,overcast clouds
82,Saint-Philippe,RE,-21.3585,55.7679,67.59,76,64,17.96,light rain
83,Sisimiut,GL,66.9395,-53.6735,44.51,93,100,3.51,light rain
84,Hilo,US,19.7297,-155.09,75.25,93,100,4.61,moderate rain
85,Geraldton,AU,-28.7667,114.6,64.81,72,0,9.22,clear sky
86,Pangody,RU,65.85,74.4859,68.59,43,27,10.89,scattered clouds
87,Khatanga,RU,71.9667,102.5,47.39,74,100,16.13,overcast clouds
88,Hashtrud,IR,37.4779,47.0508,74.75,26,0,6.8,clear sky
89,Bengkulu,ID,-3.8004,102.2655,84.07,67,42,4.5,scattered clouds
90,Piacabucu,BR,-10.4056,-36.4344,73.69,79,10,11.92,clear sky
91,Kaitangata,NZ,-46.2817,169.8464,44.55,86,100,8.95,light rain
92,Arraial Do Cabo,BR,-22.9661,-42.0278,69.19,91,100,14.58,overcast clouds
93,Vanimo,PG,-2.6741,141.3028,82.02,78,80,4.21,broken clouds
94,New Norfolk,AU,-42.7826,147.0587,48.92,59,39,1.45,scattered clouds
95,Georgetown,MY,5.4112,100.3354,86.9,81,20,0.0,moderate rain
96,Caravelas,BR,-17.7125,-39.2481,69.66,89,23,4.76,few clouds
97,Chumikan,RU,54.7183,135.315,52.93,98,100,10.85,light rain
98,Natal,BR,-5.795,-35.2094,77.22,88,40,5.75,moderate rain
99,Tasiilaq,GL,65.6145,-37.6368,35.76,87,9,2.1,clear sky
100,Cherskiy,RU,68.75,161.3,51.1,56,51,22.35,broken clouds
101,Touros,BR,-5.1989,-35.4608,74.77,89,90,11.81,moderate rain
102,The Valley,AI,18.217,-63.0578,82.26,75,1,19.75,clear sky
103,Ancud,CL,-41.8697,-73.8203,42.22,83,25,10.6,scattered clouds
104,Alamosa,US,37.4695,-105.87,73.38,40,20,5.75,few clouds
105,Bethel,US,41.3712,-73.414,75.07,93,99,1.01,overcast clouds
106,Kirakira,SB,-10.4544,161.9205,83.35,71,25,6.31,scattered clouds
107,Saint Pete Beach,US,27.7253,-82.7412,84.99,76,0,4.61,clear sky
108,Port Elizabeth,ZA,-33.918,25.5701,60.31,96,75,8.05,broken clouds
109,Padang,ID,-0.9492,100.3543,82.45,57,27,4.38,moderate rain
110,Vao,NC,-22.6667,167.4833,72.86,84,96,16.75,overcast clouds
111,Lodja,CD,-3.4833,23.4333,72.05,83,100,2.21,overcast clouds
112,Souillac,MU,-20.5167,57.5167,68.38,77,75,11.5,light rain
113,Bathsheba,BB,13.2167,-59.5167,81.21,87,40,17.27,scattered clouds
114,Balkhash,KZ,46.844,74.9804,75.81,35,75,8.95,broken clouds
115,Fortuna,US,40.5982,-124.1573,59.92,78,4,1.99,clear sky
116,Cayenne,GF,4.9333,-52.3333,77.09,1,0,0.0,clear sky
117,Port Lincoln,AU,-34.7333,135.8667,54.23,59,100,14.99,overcast clouds
118,Hefei,CN,31.8639,117.2808,91.42,58,40,6.71,scattered clouds
119,Takhtamygda,RU,54.1,123.5667,81.19,51,93,3.09,overcast clouds
120,Progreso,MX,21.2833,-89.6667,80.71,82,1,11.97,clear sky
121,Saldanha,ZA,-33.0117,17.9442,42.85,73,0,13.04,clear sky
122,Esperance,AU,-33.8667,121.9,60.44,71,4,7.2,clear sky
123,Samarai,PG,-10.6167,150.6667,81.63,78,39,8.72,scattered clouds
124,Castro,BR,-24.7911,-50.0119,56.62,99,99,1.77,overcast clouds
125,Komsomolskiy,UZ,40.4272,71.7189,88.52,22,0,11.5,clear sky
126,Bluff,NZ,-46.6,168.3333,45.81,71,97,15.82,overcast clouds
127,Guane,CU,22.2025,-84.0875,78.1,84,0,4.47,clear sky
128,Salalah,OM,17.0151,54.0924,75.29,100,100,3.44,light intensity drizzle
129,Kibaya,TZ,-5.3,36.5667,54.75,85,77,5.12,broken clouds
130,Poum,NC,-20.2333,164.0167,76.48,83,73,10.18,broken clouds
131,San Cristobal,VE,7.7669,-72.225,68.18,81,100,2.44,overcast clouds
132,Berdyaush,RU,55.1619,59.1464,70.54,73,83,11.7,broken clouds
133,Marrakesh,MA,31.6315,-8.0083,78.87,57,24,6.91,few clouds
134,Urubicha,BO,-15.3833,-62.95,69.48,67,28,1.48,scattered clouds
135,Pacific Grove,US,36.6177,-121.9166,65.88,83,0,3.44,clear sky
136,Vostok,RU,46.4856,135.8833,69.76,79,96,3.6,overcast clouds
137,Santarem,BR,-2.4431,-54.7083,77.13,94,75,4.61,broken clouds
138,Tarabuco,BO,-19.1667,-64.9167,45.64,81,80,5.32,broken clouds
139,Haines Junction,CA,60.7522,-137.5108,55.35,67,36,2.3,scattered clouds
140,Lebu,CL,-37.6167,-73.65,43.43,81,82,2.89,broken clouds
141,Bjerringbro,DK,56.378,9.6607,57.76,87,3,6.08,clear sky
142,San Jose,US,37.3394,-121.895,81.68,56,20,10.36,few clouds
143,Dikson,RU,73.5069,80.5464,45.18,81,50,15.9,scattered clouds
144,Farmington,US,36.7281,-108.2187,90.28,20,0,3.44,clear sky
145,Harper,LR,4.375,-7.7169,73.9,79,100,10.6,overcast clouds
146,Codrington,AU,-38.2667,141.9667,52.61,56,11,8.23,few clouds
147,Zherdevka,RU,51.8486,41.4606,59.09,77,5,12.08,clear sky
148,Mumford,GH,5.2618,-0.759,73.99,86,44,10.22,scattered clouds
149,Kurchum,KZ,48.5722,83.6542,73.4,32,0,16.37,clear sky
150,Brownsville,US,25.9018,-97.4975,84.15,78,0,11.5,clear sky
151,Yulara,AU,-25.2406,130.9889,71.74,18,0,8.01,clear sky
152,Liverpool,GB,53.4106,-2.9779,76.28,59,20,9.22,few clouds
153,Ramnagar,IN,29.4,79.1167,90.81,58,15,4.72,light rain
154,Ambulu,ID,-8.345,113.6058,83.39,64,27,8.21,scattered clouds
155,Severo-Kurilsk,RU,50.6789,156.125,57.18,87,75,8.48,broken clouds
156,Avarua,CK,-21.2078,-159.775,75.25,69,40,6.91,scattered clouds
157,Aden,YE,12.7794,45.0367,83.07,73,100,6.31,overcast clouds
158,Lahij,YE,13.1667,44.5833,85.46,47,100,4.27,overcast clouds
159,Dingle,PH,10.9995,122.6711,81.68,81,100,3.85,overcast clouds
160,Zaraza,VE,9.3503,-65.3245,72.77,96,32,4.32,scattered clouds
161,Mandurah,AU,-32.55,115.7,59.92,60,0,10.16,clear sky
162,Jamestown,US,42.097,-79.2353,71.19,87,20,8.05,few clouds
163,Hermanus,ZA,-34.4187,19.2345,52.81,80,99,6.11,overcast clouds
164,Coloso,CO,9.4915,-75.3615,76.51,93,94,3.58,overcast clouds
165,Northam,GB,51.0333,-4.2167,69.26,51,51,12.48,broken clouds
166,San Juan,AR,-31.5375,-68.5364,44.1,54,0,1.9,clear sky
167,Kefamenanu,ID,-9.4467,124.4781,79.48,45,76,7.9,broken clouds
168,Cairns,AU,-16.9167,145.7667,81.07,58,6,12.66,clear sky
169,Iranshahr,IR,27.2025,60.6848,91.74,52,75,4.61,broken clouds
170,Benemerito De Las Americas,MX,16.5167,-90.6439,73.33,99,90,3.8,overcast clouds
171,Oranjemund,NA,-28.55,16.4333,53.15,95,7,4.29,clear sky
172,Bibiani,GH,6.4635,-2.3194,64.74,97,77,1.41,broken clouds
173,Ponta Do Sol,PT,32.6667,-17.1,68.72,79,0,6.58,clear sky
174,Ulladulla,AU,-35.35,150.4667,50.43,78,100,9.89,light rain
175,Loreto,MX,22.2667,-101.9667,61.25,74,97,13.06,overcast clouds
176,Havre,FR,49.5833,0.3333,82.17,30,0,12.66,clear sky
177,Emerald,AU,-23.5333,148.1667,71.35,42,0,8.63,clear sky
178,Portobelo,PA,9.55,-79.65,80.11,89,60,3.96,broken clouds
179,Mandalgovi,MN,45.7625,106.2708,82.65,22,97,19.89,overcast clouds
180,Tiksi,RU,71.6872,128.8694,33.67,87,100,23.35,overcast clouds
181,Kudahuvadhoo,MV,2.6708,72.8944,82.06,76,100,17.22,moderate rain
182,Sao Gabriel Da Cachoeira,BR,-0.1303,-67.0892,71.67,99,70,0.67,broken clouds
183,Hamilton,US,39.1834,-84.5333,74.17,91,0,0.0,mist
184,Cabo San Lucas,MX,22.8909,-109.9124,87.1,74,0,3.0,clear sky
185,Ahipara,NZ,-35.1667,173.1667,62.11,85,88,6.55,overcast clouds
186,Skibbereen,IE,51.55,-9.2667,66.11,89,98,6.85,overcast clouds
187,Te Anau,NZ,-45.4167,167.7167,41.63,98,100,4.68,overcast clouds
188,Linxia,CN,35.6003,103.2064,70.97,50,1,5.79,clear sky
189,Quatre Cocos,MU,-20.2078,57.7625,69.1,71,77,23.04,light rain
190,Lorengau,PG,-2.0226,147.2712,81.18,77,100,2.46,overcast clouds
191,Portree,GB,57.4129,-6.1942,56.52,95,100,5.57,overcast clouds
192,Walvis Bay,NA,-22.9575,14.5053,54.09,93,100,10.36,overcast clouds
193,Belle Glade,US,26.6845,-80.6676,80.01,83,100,4.88,overcast clouds
194,Koroni,GR,36.8,21.95,78.51,52,0,6.08,clear sky
195,Mareeba,AU,-17.0,145.4333,76.44,63,0,4.07,clear sky
196,Carutapera,BR,-1.195,-46.02,74.17,94,44,5.73,scattered clouds
197,College,US,64.8569,-147.8028,63.0,61,75,10.36,broken clouds
198,Baruun-Urt,MN,46.6806,113.2792,79.23,24,72,1.45,broken clouds
199,Gboko,NG,7.3179,8.9951,71.06,87,96,8.03,overcast clouds
200,Leningradskiy,RU,69.3833,178.4167,34.41,99,100,13.53,light snow
201,Monywa,MM,22.1167,95.1333,93.69,49,100,8.97,overcast clouds
202,Malartic,CA,48.1335,-78.1328,71.71,94,29,7.43,light rain
203,Selimbar,RO,45.7667,24.2,48.63,87,0,3.44,clear sky
204,Ostersund,SE,63.1792,14.6357,53.62,81,100,11.5,overcast clouds
205,Laguna,US,38.421,-121.4238,93.4,17,0,10.36,clear sky
206,Pangnirtung,CA,66.1451,-65.7125,46.51,80,100,1.68,overcast clouds
207,Kandalaksha,RU,67.162,32.4123,55.09,90,73,1.83,broken clouds
208,Mae Hong Son,TH,19.3003,97.9685,89.74,62,40,4.61,scattered clouds
209,Omsukchan,RU,62.5333,155.8,79.3,51,87,11.25,overcast clouds
210,Flinders,AU,-34.5833,150.8552,53.38,82,86,10.27,light rain
211,Pevek,RU,69.7008,170.3133,34.16,91,92,2.93,overcast clouds
212,Carora,VE,10.1755,-70.0827,75.63,81,87,9.33,overcast clouds
213,Kouroussa,GN,10.65,-9.8833,70.75,98,98,6.06,overcast clouds
214,Marawi,PH,7.9986,124.2928,75.67,79,100,2.71,overcast clouds
215,Chokurdakh,RU,70.6333,147.9167,49.44,38,23,14.12,few clouds
216,Lagoa,PT,39.05,-27.9833,68.65,89,100,11.1,overcast clouds
217,Takaka,NZ,-40.85,172.8,54.55,94,97,7.38,light rain
218,Broome,US,42.2506,-75.833,72.01,85,100,11.5,overcast clouds
219,Alihe,CN,50.5667,123.7167,74.7,81,100,3.87,overcast clouds
220,Abu Kamal,SY,34.4506,40.9171,89.98,22,2,7.36,clear sky
221,Monopoli,IT,40.9559,17.2896,78.71,71,0,8.84,clear sky
222,Nanortalik,GL,60.1432,-45.2371,46.87,80,86,10.67,overcast clouds
223,Vardo,NO,70.3705,31.1107,57.18,82,75,8.05,broken clouds
224,Southbridge,US,42.0751,-72.0334,74.55,96,100,1.01,moderate rain
225,Mount Gambier,AU,-37.8333,140.7667,53.02,53,33,6.22,scattered clouds
226,Faya,SA,18.3851,42.4509,66.31,29,84,2.84,broken clouds
227,Arlit,NE,18.7369,7.3853,87.91,37,93,6.98,overcast clouds
228,Pizarro,CO,4.9533,-77.366,78.06,85,97,4.5,overcast clouds
229,Worland,US,44.0169,-107.9554,86.9,18,0,14.97,clear sky
230,Aripuana,BR,-9.1667,-60.6333,71.74,52,0,2.55,clear sky
231,Shirokiy,RU,49.758,129.523,73.85,78,100,3.67,overcast clouds
232,Karratha,AU,-20.7377,116.8463,79.43,30,5,10.76,clear sky
233,Rincon,US,32.296,-81.2354,80.83,83,0,4.61,clear sky
234,Hobyo,SO,5.3505,48.5268,75.61,80,99,23.67,overcast clouds
235,Yaan,NG,7.3833,8.5667,70.25,87,83,5.59,broken clouds
236,Vrangel,RU,42.7297,133.0839,68.7,78,96,3.74,overcast clouds
237,Vandra,EE,58.6481,25.0361,62.26,91,96,3.87,light rain
238,Forssa,FI,60.8146,23.6215,59.41,90,95,2.44,overcast clouds
239,Provideniya,RU,64.3833,-173.3,44.71,70,75,18.01,broken clouds
240,Bauchi,NG,10.5,10.0,70.36,86,98,4.63,overcast clouds
241,Lavrentiya,RU,65.5833,-171.0,39.81,71,88,21.16,overcast clouds
242,Jacmel,HT,18.2342,-72.5347,84.04,83,1,1.45,clear sky
243,Marsh Harbour,BS,26.5412,-77.0636,81.88,77,6,12.24,clear sky
244,Saint-Louis,SN,16.3333,-15.0,85.64,62,34,11.41,scattered clouds
245,Vila Do Maio,CV,15.1333,-23.2167,75.99,86,100,11.7,overcast clouds
246,Sault Sainte Marie,CA,46.5168,-84.3333,68.56,86,0,3.44,clear sky
247,Airai,TL,-8.9266,125.4092,71.02,39,63,3.38,broken clouds
248,Batagay,RU,67.6333,134.6333,54.07,79,100,7.72,overcast clouds
249,Burdur,TR,37.7203,30.2908,63.3,55,20,13.8,few clouds
250,Mikhaylovka,RU,50.06,43.2379,60.78,68,0,10.8,clear sky
251,Katsuura,JP,35.1333,140.3,78.82,85,100,22.1,heavy intensity rain
252,Nome,US,64.5011,-165.4064,42.87,81,100,18.41,moderate rain
253,Mezen,RU,65.8522,44.24,58.32,90,100,5.08,light rain
254,Seymchan,RU,62.8833,152.4333,84.16,50,100,7.7,overcast clouds
255,Talara,PE,-4.5772,-81.2719,62.74,88,81,16.69,broken clouds
256,Port Blair,IN,11.6667,92.75,84.24,79,40,12.66,scattered clouds
257,Bandar-E Lengeh,IR,26.5579,54.8807,91.51,70,97,6.91,haze
258,Novobiryusinskiy,RU,56.9578,97.7076,65.88,56,81,10.92,light rain
259,Raymondville,US,26.4815,-97.7831,84.31,72,0,15.99,clear sky
260,Barabinsk,RU,55.3571,78.357,64.98,66,65,7.83,broken clouds
261,Sao Joao Da Barra,BR,-21.6403,-41.0511,70.27,89,28,7.67,scattered clouds
262,Victoria,HK,22.2855,114.1577,91.45,88,100,1.99,overcast clouds
263,Mananjary,MG,-21.2167,48.3333,67.8,82,100,9.82,light rain
264,Vila,PT,42.0304,-8.1588,56.7,84,72,5.21,broken clouds
265,Pimenta Bueno,BR,-11.6725,-61.1936,70.36,51,13,3.91,few clouds
266,Sao Filipe,CV,14.8961,-24.4956,74.97,82,96,7.29,overcast clouds
267,Bogatoye,RU,53.0601,51.3325,69.24,76,10,17.6,clear sky
268,Puerto Leguizamo,CO,-0.1934,-74.7819,70.25,98,68,1.68,broken clouds
269,Dutlwe,BW,-23.9833,23.9,49.08,68,0,8.61,clear sky
270,Dehloran,IR,32.6941,47.2679,104.61,8,0,4.18,clear sky
271,Envira,BR,-7.3,-70.2167,75.36,84,100,1.52,overcast clouds
272,Inongo,CD,-1.95,18.2667,64.85,99,87,1.68,overcast clouds
273,Ucluelet,CA,48.9329,-125.5528,60.1,85,1,1.01,clear sky
274,Hailey,US,43.5196,-114.3153,75.06,12,0,6.91,clear sky
275,Carnarvon,AU,-24.8667,113.6333,71.96,38,0,10.25,clear sky
276,Adiake,CI,5.2863,-3.304,74.12,82,100,7.87,overcast clouds
277,Canchungo,GW,12.0672,-16.0333,77.16,88,97,4.85,moderate rain
278,Dhidhdhoo,MV,6.8833,73.1,82.13,80,100,16.31,overcast clouds
279,Rock Sound,BS,24.9,-76.2,81.75,76,2,15.03,clear sky
280,Thompson,CA,55.7435,-97.8558,69.96,64,40,2.3,scattered clouds
281,Whitehorse,CA,60.7161,-135.0538,57.97,67,75,4.61,broken clouds
282,Maple Creek,CA,49.9168,-109.4848,60.85,51,71,13.8,broken clouds
283,Sidi Ali,DZ,36.0998,0.4206,72.82,82,0,1.43,clear sky
284,Sioux Lookout,CA,50.1001,-91.917,71.67,68,20,3.44,smoke
285,Waipawa,NZ,-41.4122,175.5153,57.04,67,92,9.64,light rain
286,Jiblah,YE,13.9216,44.1467,69.19,44,100,4.79,overcast clouds
287,Fort Nelson,CA,58.8053,-122.7002,63.99,82,75,5.75,broken clouds
288,Lata,PT,40.1629,-8.3327,61.11,92,59,1.01,broken clouds
289,Zhezkazgan,KZ,47.8043,67.7144,76.98,44,0,13.42,clear sky
290,Cidreira,BR,-30.1811,-50.2056,53.87,92,9,5.59,light rain
291,Tomatlan,MX,19.9333,-105.25,77.95,85,82,1.21,broken clouds
292,Atikokan,CA,48.7555,-91.6216,65.03,95,38,3.56,scattered clouds
293,Goderich,CA,43.7501,-81.7165,70.12,64,0,4.61,clear sky
294,Grindavik,IS,63.8424,-22.4338,51.75,100,100,9.22,light intensity drizzle
295,Senanga,ZM,-16.1167,23.2667,46.11,75,0,5.17,clear sky
296,George,ZA,-33.963,22.4617,53.15,100,100,3.44,overcast clouds
297,Muriti,TZ,-1.9833,32.9167,69.73,65,93,19.24,overcast clouds
298,Bayshore Gardens,US,27.4253,-82.5904,84.99,71,92,5.79,overcast clouds
299,Boa Vista,BR,2.8197,-60.6733,78.78,83,75,2.3,broken clouds
300,Tondano,ID,1.3038,124.9112,78.89,59,96,5.01,overcast clouds
301,Tuatapere,NZ,-46.1333,167.6833,45.23,85,100,7.9,overcast clouds
302,Avanigadda,IN,16.0215,80.9181,88.63,60,71,5.95,broken clouds
303,Varva,UA,50.495,32.7197,57.6,76,35,4.79,scattered clouds
304,Khani,GE,41.9563,42.9566,62.17,96,100,1.61,overcast clouds
305,Lincoln,US,40.8,-96.667,79.14,81,0,11.5,clear sky
306,Pangai,TO,-19.8,-174.35,75.31,94,75,19.57,light intensity shower rain
307,Aksu,CN,41.1231,80.2644,90.57,16,4,13.58,clear sky
308,Swift Current,CA,50.2834,-107.8014,63.41,94,40,6.91,scattered clouds
309,Ewo,CG,-0.8725,14.8206,75.33,73,99,5.01,light rain
310,Tarare,FR,45.8976,4.4327,71.62,73,38,2.06,scattered clouds
311,Dongsheng,CN,39.8161,109.9776,73.49,33,100,13.44,overcast clouds
312,Kavaratti,IN,10.5669,72.642,80.76,80,100,21.68,overcast clouds
313,Benguela,AO,-12.5763,13.4055,66.63,88,1,1.12,clear sky
314,Moose Factory,CA,51.2585,-80.6094,62.6,94,0,11.5,clear sky
315,Ambovombe,MG,-25.1667,46.0833,61.88,82,0,8.5,clear sky
316,Saint-Georges,GD,12.0564,-61.7485,79.61,80,12,15.32,few clouds
317,Kati,ML,12.7441,-8.0726,74.61,89,42,6.06,scattered clouds
318,Gazli,UZ,40.1333,63.45,94.26,21,0,28.43,clear sky
319,Belmonte,BR,-15.8631,-38.8828,71.49,84,54,6.98,broken clouds
320,Rio Novo,BR,-21.4575,-43.1253,63.05,89,63,1.7,broken clouds
321,Rylsk,RU,51.5655,34.6822,54.97,87,13,6.2,few clouds
322,Middelburg,ZA,-25.7751,29.4648,45.54,72,0,2.57,clear sky
323,Liseleje,DK,56.0053,11.9483,60.19,90,6,3.0,clear sky
324,Kavieng,PG,-2.5744,150.7967,82.76,75,100,9.98,light rain
325,Tuktoyaktuk,CA,69.4541,-133.0374,66.2,77,100,4.61,overcast clouds
326,Ta Khmau,KH,11.4833,104.95,87.85,70,40,6.91,scattered clouds
327,Elmira,US,42.0898,-76.8077,73.72,85,75,9.22,broken clouds
328,Berlevag,NO,70.8578,29.0864,60.6,79,84,6.06,broken clouds
329,Novyy Urgal,RU,51.0736,132.5642,63.59,83,100,6.93,light rain
330,Ola,RU,59.5833,151.2833,75.15,86,100,10.94,overcast clouds
331,Guerrero Negro,MX,27.9769,-114.0611,70.84,73,48,15.35,scattered clouds
332,Nanakuli,US,21.3906,-158.1547,80.55,65,100,11.5,overcast clouds
333,Clyde River,CA,70.4692,-68.5914,35.83,100,100,5.75,mist
334,Viseu,PT,40.661,-7.9097,63.86,85,71,2.68,broken clouds
335,Nur,PL,52.6683,22.3221,61.39,84,99,4.38,overcast clouds
336,Gimli,CA,50.6336,-96.9907,78.82,69,74,13.8,broken clouds
337,Mazagao,BR,-0.115,-51.2894,75.25,96,82,3.29,broken clouds
338,Sarangani,PH,5.4033,125.4636,82.65,69,99,1.88,light rain
339,Teguise,ES,29.0605,-13.564,68.22,83,0,24.16,clear sky
340,Talnakh,RU,69.4865,88.3972,65.21,37,61,16.78,broken clouds
341,Comodoro Rivadavia,AR,-45.8667,-67.5,44.46,49,0,33.38,clear sky
342,Zeya,RU,53.75,127.2667,76.08,71,100,0.92,light rain
343,Bom Sucesso,BR,-21.0331,-44.7581,55.33,77,13,4.72,few clouds
344,Meulaboh,ID,4.1363,96.1285,83.08,65,89,2.8,overcast clouds
345,Half Moon Bay,US,37.4636,-122.4286,73.31,85,0,16.11,mist
346,Marovoay,MG,-16.1,46.6333,64.62,69,1,5.66,clear sky
347,Mana,GF,5.6592,-53.7767,77.14,90,100,7.58,overcast clouds
348,San Patricio,US,28.017,-97.5169,84.83,79,9,12.55,clear sky
349,Oussouye,SN,12.485,-16.5469,78.98,78,91,5.7,overcast clouds
350,Grafton,US,42.207,-71.6856,74.71,86,100,5.01,light rain
351,Marzuq,YE,14.4,46.4667,77.14,53,100,9.35,overcast clouds
352,Hoffman Estates,US,42.0428,-88.0798,79.52,75,0,4.61,clear sky
353,Caiaponia,BR,-16.9567,-51.8103,63.88,39,13,5.39,few clouds
354,Namikupa,TZ,-10.8333,39.6,62.71,97,71,3.56,broken clouds
355,Konolfingen,CH,46.8791,7.6201,65.77,56,2,3.42,clear sky
356,Tiarei,PF,-17.5333,-149.3333,78.82,71,12,1.86,light rain
357,Ayagoz,KZ,47.9714,80.4392,73.78,27,0,10.49,clear sky
358,Price,US,39.5994,-110.8107,83.46,28,0,10.36,clear sky
359,Ferme-Neuve,CA,46.7001,-75.4493,62.71,98,58,3.0,broken clouds
360,Batsfjord,NO,70.6345,29.7185,60.58,72,20,4.61,few clouds
361,Port Macquarie,AU,-31.4333,152.9167,61.9,66,19,13.02,few clouds
362,Praia,CV,14.9215,-23.5087,75.74,83,75,13.8,broken clouds
363,Viedma,AR,-40.8135,-62.9967,39.29,40,23,10.45,few clouds
364,Namibe,AO,-15.1961,12.1522,63.7,86,0,6.31,clear sky
365,Ayan,RU,56.45,138.1667,57.2,97,93,11.05,overcast clouds
366,Voskresenskoye,RU,56.8381,45.4317,58.33,96,68,6.33,broken clouds
367,Griffith,US,41.5284,-87.4237,79.9,75,0,5.75,clear sky
368,Rudbar,AF,30.15,62.6,96.37,11,3,9.8,clear sky
369,Hanyang,CN,32.1371,105.5126,67.23,83,100,4.29,overcast clouds
370,Rawson,AR,-43.3002,-65.1023,41.0,50,0,12.24,clear sky
371,Beringovskiy,RU,63.05,179.3167,56.08,52,54,19.17,broken clouds
372,Dudinka,RU,69.4058,86.1778,65.62,39,56,19.13,broken clouds
373,Kutum,SD,14.2,24.6667,75.06,60,67,4.61,broken clouds
374,Pathein,MM,16.7833,94.7333,87.73,69,91,10.33,overcast clouds
375,Santa Rita,BR,-7.1139,-34.9781,74.07,88,40,11.5,scattered clouds
376,Sao Sebastiao,BR,-23.76,-45.4097,68.36,94,100,0.47,overcast clouds
377,Bensonville,LR,6.4461,-10.6125,72.99,86,100,6.15,overcast clouds
378,Atambua,ID,-9.1061,124.8925,80.46,44,76,1.41,broken clouds
379,Rio Gallegos,AR,-51.6226,-69.2181,37.45,70,0,18.41,clear sky
380,Carmarthen,GB,51.8555,-4.3054,80.53,34,75,10.36,broken clouds
381,Carnaiba,BR,-8.7,-37.6667,65.64,95,28,10.51,scattered clouds
382,Buchanan,LR,5.8808,-10.0467,74.86,81,99,11.79,overcast clouds
383,Chokwe,MZ,-24.5333,32.9833,62.73,95,1,1.3,clear sky
384,Benicarlo,ES,40.4165,0.4271,78.91,72,0,3.4,clear sky
385,Kasane,BW,-17.8167,25.15,48.29,81,0,3.44,clear sky
386,Kaka,TM,37.3482,59.6143,93.4,14,0,6.35,clear sky
387,Aranda De Duero,ES,41.6704,-3.6892,66.06,49,4,5.06,clear sky
388,La Cruz,MX,23.9167,-106.9,79.7,80,98,5.82,overcast clouds
389,Point Pleasant,US,40.0832,-74.0682,79.97,81,86,5.01,light rain
390,Gizo,SB,-8.103,156.8419,84.29,64,73,3.29,broken clouds
391,Lompoc,US,34.6391,-120.4579,75.02,77,0,5.75,clear sky
392,Tocopilla,CL,-22.092,-70.1979,61.56,71,12,5.91,few clouds
393,Ouro Preto,BR,-20.3948,-43.5052,51.89,86,18,1.74,few clouds
394,Atlantic City,US,39.3643,-74.4229,78.98,86,40,5.75,scattered clouds
395,Makakilo City,US,21.3469,-158.0858,79.12,67,100,20.71,light rain
396,Eastbourne,GB,50.7687,0.2845,73.09,70,0,6.73,clear sky
397,Zambezi,ZM,-13.5432,23.1047,44.19,76,5,4.76,clear sky
398,Sao Felix Do Xingu,BR,-6.6447,-51.995,70.2,60,18,2.13,few clouds
399,Labuhan,ID,-6.8844,112.2051,85.66,64,32,5.35,scattered clouds
400,Dachau,DE,48.26,11.434,57.81,80,9,4.61,clear sky
401,Shitkino,RU,56.3703,98.3543,69.69,43,99,10.71,overcast clouds
402,Lasa,IT,46.6166,10.7002,63.36,84,14,0.96,few clouds
403,Aykhal,RU,66.0,111.5,57.47,62,41,8.14,scattered clouds
404,Bafq,IR,31.6128,55.4107,90.01,10,0,8.1,clear sky
405,Sattahip,TH,12.6664,100.9007,90.99,66,20,6.91,few clouds
406,Raglan,NZ,-37.8,174.8833,63.09,83,99,11.52,overcast clouds
407,Prince Rupert,CA,54.3161,-130.3201,55.09,94,100,5.75,overcast clouds
408,La Roche-Sur-Yon,FR,46.6667,-1.4333,77.27,50,40,8.05,scattered clouds
409,Taybad,IR,34.74,60.7756,89.98,14,0,25.88,clear sky
410,Bundaberg,AU,-24.85,152.35,73.22,55,10,4.0,clear sky
411,Honningsvag,NO,70.9821,25.9704,53.35,87,97,4.61,overcast clouds
412,Dunedin,NZ,-45.8742,170.5036,46.15,89,100,5.06,light rain
413,Along,IN,28.1667,94.7667,76.5,99,100,0.92,light rain
414,Dabat,ET,12.9842,37.765,53.19,88,49,3.22,scattered clouds
415,Sosva,RU,59.1766,61.8558,72.54,67,6,3.15,clear sky
416,Norman Wells,CA,65.282,-126.8329,66.24,68,75,13.8,broken clouds
417,Muisne,EC,0.6,-80.0333,73.72,89,100,8.52,overcast clouds
418,Robertsport,LR,6.7533,-11.3686,76.95,80,100,16.71,light rain
419,Artesia,US,33.8658,-118.0831,85.48,73,0,6.91,clear sky
420,Palaikastron,GR,35.2,26.25,72.77,73,0,22.93,clear sky
421,Talcahuano,CL,-36.7167,-73.1167,38.88,93,0,6.91,clear sky
422,Gat,IL,31.61,34.7642,77.4,71,0,1.12,clear sky
423,Olafsvik,IS,64.8945,-23.7142,52.68,78,100,8.37,overcast clouds
424,Mackenzie,CA,55.2999,-123.1698,68.22,52,75,6.91,broken clouds
425,San Quintin,MX,30.4833,-115.95,69.12,80,1,7.58,clear sky
426,Naranjal,EC,-2.6667,-79.6167,70.29,88,99,2.04,overcast clouds
427,Piraquara,BR,-25.4417,-49.0633,60.31,78,100,4.61,overcast clouds
428,Vila Velha,BR,-20.3297,-40.2925,66.94,92,40,2.3,scattered clouds
429,Kamiiso,JP,41.8167,140.65,75.58,78,75,12.66,broken clouds
430,Waingapu,ID,-9.6567,120.2641,83.5,54,76,15.84,broken clouds
431,Hot Springs,US,34.5037,-93.0552,89.31,67,20,6.91,few clouds
432,Singojuruh,ID,-8.3167,114.2333,79.61,75,59,4.72,broken clouds
433,Vanavara,RU,60.34,102.2797,69.58,53,100,6.91,overcast clouds
434,Namatanai,PG,-3.6667,152.4333,85.28,63,78,8.21,broken clouds
435,Jumla,NP,29.2747,82.1838,72.61,71,78,4.09,broken clouds
436,Haapiti,PF,-17.5667,-149.8667,78.53,70,7,3.22,clear sky
437,Piedras Negras,MX,28.7,-100.5167,91.27,33,5,10.67,clear sky
438,Bealanana,MG,-14.55,48.7333,53.98,80,35,11.97,scattered clouds
439,Atar,MR,20.5169,-13.0499,88.99,40,6,4.97,clear sky
440,Shiyan,CN,32.6475,110.7781,76.28,77,99,4.92,overcast clouds
441,Drumheller,CA,51.4617,-112.7101,65.12,94,100,2.3,overcast clouds
442,Ust-Kuyga,RU,70.0167,135.6,43.57,84,100,15.14,moderate rain
443,Winneba,GH,5.3511,-0.6231,73.08,88,36,8.68,scattered clouds
444,Iquique,CL,-20.2208,-70.1431,57.24,75,87,4.9,overcast clouds
445,Nizwa,OM,22.9333,57.5333,87.4,54,25,2.15,scattered clouds
446,Riverton,US,40.5219,-111.9391,83.44,49,0,15.99,clear sky
447,Mingaora,PK,34.7758,72.3625,83.73,63,75,0.54,broken clouds
448,Severodvinsk,RU,64.5635,39.8302,60.91,70,100,5.53,overcast clouds
449,Buraydah,SA,26.326,43.975,82.85,11,7,6.64,clear sky
450,Saint-Joseph,RE,-21.3667,55.6167,66.58,74,31,18.01,light rain
451,Polyarnyy,RU,69.1989,33.4478,59.81,68,17,8.1,few clouds
452,Springdale,US,36.1867,-94.1288,84.11,46,0,6.91,clear sky
453,Ballina,AU,-28.8667,153.5667,53.02,99,99,9.78,overcast clouds
454,Sembakung,ID,3.8167,117.25,91.51,52,87,1.63,overcast clouds
455,Panguipulli,CL,-39.6333,-72.3333,28.08,93,64,3.47,broken clouds
456,Shimoda,JP,34.6667,138.95,80.96,92,100,16.55,overcast clouds
457,Tsabong,BW,-26.0217,22.401,51.93,47,0,12.41,clear sky
458,Paranaiba,BR,-19.6772,-51.1908,70.52,39,99,2.68,overcast clouds
459,Parfino,RU,57.9731,31.6481,55.44,73,88,5.14,overcast clouds
460,Polson,US,47.6936,-114.1632,64.78,56,6,3.0,clear sky
461,Cockburn Town,TC,21.4612,-71.1419,82.36,69,40,12.66,scattered clouds
462,Autazes,BR,-3.5797,-59.1306,78.08,68,65,0.78,broken clouds
463,Oxford,GB,51.7522,-1.256,73.36,64,11,4.76,few clouds
464,Tura,IN,25.5198,90.2201,81.07,80,100,7.52,overcast clouds
465,Nikolskiy,RU,60.9151,34.0645,56.1,81,7,4.12,clear sky
466,Maniitsoq,GL,65.4167,-52.9,44.22,89,100,2.37,overcast clouds
467,Bintulu,MY,3.1667,113.0333,90.01,66,20,2.3,few clouds
468,Mankono,CI,8.0586,-6.1897,70.48,88,100,7.02,overcast clouds
469,Mackay,AU,-21.15,149.2,66.69,71,0,13.35,clear sky
470,Catamarca,AR,-28.4696,-65.7852,51.78,51,0,1.99,clear sky
471,Jiuquan,CN,39.7432,98.5174,85.71,15,37,12.1,scattered clouds
472,Beyneu,KZ,45.3167,55.2,95.79,19,0,15.08,clear sky
473,Lyngdal,NO,58.1376,7.07,57.88,87,40,4.9,scattered clouds
474,Tuy Hoa,VN,13.0833,109.3,89.65,60,99,7.76,overcast clouds
475,Linjiang,CN,41.8069,126.9078,77.34,75,31,4.25,scattered clouds
476,Prichard,US,30.7388,-88.0789,84.15,76,0,5.75,clear sky
477,Zhaotong,CN,27.3167,103.7167,64.36,92,100,7.78,overcast clouds
478,Puerto Del Rosario,ES,28.5004,-13.8627,71.35,83,20,10.36,few clouds
479,Puerto Madero,MX,14.7208,-92.4215,81.97,78,46,5.21,scattered clouds
480,Husavik,IS,66.0449,-17.3389,50.58,81,94,5.12,overcast clouds
481,Scarborough,GB,54.2797,-0.4044,71.91,67,72,6.29,broken clouds
482,Sulangan,PH,11.1373,123.7228,81.25,77,93,3.94,overcast clouds
483,Wilkie,CA,52.4168,-108.7014,64.78,91,99,6.93,overcast clouds
484,Broken Hill,AU,-31.95,141.4333,52.38,41,6,11.03,clear sky
485,Oranjestad,AW,12.524,-70.027,80.55,83,20,17.27,few clouds
486,Sehithwa,BW,-20.4667,22.7167,49.19,65,0,5.68,clear sky
487,Los Llanos De Aridane,ES,28.6585,-17.9182,67.75,88,75,12.66,broken clouds
488,Vadlapudi,IN,14.3167,79.8,89.4,51,99,7.61,overcast clouds
489,San Fernando,PH,15.0286,120.6898,89.33,64,38,5.5,scattered clouds
490,Mayumba,GA,-3.432,10.6554,70.54,88,100,4.7,overcast clouds
491,Raga,SS,8.4596,25.678,67.32,99,84,4.12,light rain
492,Kulhudhuffushi,MV,6.6221,73.07,82.15,80,100,16.24,overcast clouds
493,Mega,ET,4.05,38.3,54.77,81,97,18.72,overcast clouds
494,Wawa,NG,9.9022,4.4192,70.54,90,91,6.2,overcast clouds
495,Kieta,PG,-6.2167,155.6333,84.56,68,93,5.91,overcast clouds
496,Conde,BR,-7.2597,-34.9075,72.86,88,40,11.5,scattered clouds
497,Vestmannaeyjar,IS,63.4427,-20.2734,50.4,90,100,8.46,light rain
498,Bereda,ES,43.2686,-7.5406,55.27,95,12,4.34,few clouds
499,Myaundzha,RU,63.0494,147.1858,79.79,49,100,14.2,overcast clouds
500,Charters Towers,AU,-20.1,146.2667,73.51,37,0,6.67,clear sky
501,Wladyslawowo,PL,54.7909,18.4009,66.0,70,99,10.78,overcast clouds
502,Henties Bay,NA,-22.116,14.2845,55.56,95,21,5.7,few clouds
503,Necochea,AR,-38.5473,-58.7368,40.17,78,100,7.14,overcast clouds
504,Okhotsk,RU,59.3833,143.3,62.65,80,85,8.84,overcast clouds
505,Alyangula,AU,-13.8483,136.4192,77.97,54,41,11.61,scattered clouds
506,Poopo,BO,-18.3667,-66.9667,42.33,57,84,3.56,broken clouds
507,Dallas,US,32.7668,-96.7836,99.1,31,0,16.11,clear sky
508,Besikduzu,TR,41.052,39.2284,73.29,84,100,8.77,overcast clouds
509,Tabuny,RU,52.7773,78.7896,71.29,48,83,10.45,broken clouds
510,Vokhma,RU,58.9303,46.7586,60.82,92,90,7.94,overcast clouds
511,Kalugumalai,IN,9.15,77.7167,87.13,49,89,4.92,overcast clouds
512,Mangaldai,IN,26.4333,92.0333,80.38,89,100,5.12,overcast clouds
513,Ndele,CF,8.4109,20.6473,68.23,99,100,3.18,light rain
514,Merauke,ID,-8.4667,140.3333,79.68,81,76,16.08,broken clouds
515,Akyab,MM,20.15,92.9,85.24,75,100,3.78,overcast clouds
516,Fairbanks,US,64.8378,-147.7164,63.3,64,100,10.36,overcast clouds
517,Mayo,US,38.8876,-76.5119,78.91,90,0,1.01,clear sky
518,Sindor,RU,62.8629,51.8905,71.38,47,82,9.04,broken clouds
519,Cleethorpes,GB,53.5605,-0.0323,73.65,64,22,10.36,few clouds
520,Plettenberg Bay,ZA,-34.0527,23.3716,59.31,87,91,1.95,overcast clouds
521,Sinnamary,GF,5.3833,-52.95,77.88,88,100,9.24,light rain
522,Port Hardy,CA,50.6996,-127.4199,59.18,82,100,4.61,overcast clouds
523,Coihaique,CL,-45.5752,-72.0662,40.95,65,100,3.44,overcast clouds
524,Isiro,CD,2.7739,27.616,65.82,99,100,1.05,light rain
525,Ayorou,NE,14.7308,0.9174,78.35,67,71,9.1,light rain
526,Volkhov,RU,59.9258,32.3382,53.67,94,68,5.26,broken clouds
527,Kysyl-Syr,RU,63.8986,122.7617,69.44,90,100,5.97,overcast clouds
528,Kirsanov,RU,52.6549,42.7224,59.09,77,33,14.88,scattered clouds
529,Mvangue,CM,2.9667,11.5167,63.66,100,90,2.48,overcast clouds
530,Vuktyl,RU,63.8567,57.3094,72.91,54,38,3.74,scattered clouds
531,Nampula,MZ,-15.1165,39.2666,64.35,100,20,4.61,fog
532,Venice,US,27.0998,-82.4543,84.99,90,75,4.61,broken clouds
533,Pa Sang,TH,18.5262,98.9394,93.78,42,100,4.05,overcast clouds
534,Douentza,ML,14.9951,-2.9517,84.72,58,16,6.24,light rain
535,Leh,IN,34.1667,77.5833,69.71,28,16,4.05,few clouds
536,Saint Anthony,US,45.0205,-93.218,84.92,67,0,11.5,clear sky
537,Pachperwa,IN,27.5167,82.65,90.86,56,82,10.36,broken clouds
538,Lakes Entrance,AU,-37.8811,147.981,52.16,65,93,3.47,light rain
539,Taldan,RU,53.6667,124.8,78.84,57,100,3.18,light rain
540,Tacuati,PY,-23.45,-56.5833,62.42,87,1,2.84,clear sky
541,Alekseyevsk,RU,57.8406,108.3492,80.42,44,68,2.28,broken clouds
542,Lianyuan,CN,27.6883,111.6642,79.0,94,100,1.57,overcast clouds
543,Rio De Janeiro,BR,-22.9028,-43.2075,71.6,78,75,3.44,broken clouds
544,Luganville,VU,-15.5333,167.1667,82.27,71,19,9.19,few clouds
545,Altamont,US,42.2068,-121.7372,84.04,24,0,13.8,clear sky
546,Lujiang,CN,31.2581,117.2817,93.0,53,100,6.33,overcast clouds
547,Sasolburg,ZA,-26.8136,27.817,45.46,60,0,3.38,clear sky
548,Pacifica,US,37.6138,-122.4869,70.75,87,20,16.11,mist
549,Flin Flon,CA,54.7682,-101.865,70.79,51,42,5.79,scattered clouds
550,Alice Springs,AU,-23.7,133.8833,72.95,20,0,8.05,clear sky
551,Zverinogolovskoye,RU,54.4586,64.8542,72.54,68,0,5.82,clear sky
552,Junagarh,IN,19.8667,82.9333,80.78,75,97,10.65,overcast clouds
553,Khandbari,NP,27.3747,87.2039,78.33,81,100,1.54,overcast clouds
554,Rio Cuarto,AR,-33.1307,-64.3499,41.16,45,35,4.59,scattered clouds
555,Tairua,NZ,-37.0167,175.85,59.18,90,100,14.07,moderate rain
556,Srednekolymsk,RU,67.45,153.6833,58.8,47,99,11.23,overcast clouds
557,Escanaba,US,45.7453,-87.0646,76.96,78,0,9.22,clear sky
558,Plaine Magnien,MU,-20.4286,57.6531,69.4,77,75,11.5,broken clouds
559,Sola,VU,-13.8833,167.55,84.87,74,75,5.75,broken clouds
560,Znamenskoye,RU,57.1281,73.8282,68.67,55,81,8.72,broken clouds
561,Novikovo,RU,51.1537,37.8879,57.94,77,0,7.94,clear sky
562,Mozarlandia,BR,-14.7447,-50.5706,69.82,35,0,5.32,clear sky
563,Sungairaya,ID,0.7,108.9,88.18,63,63,6.91,broken clouds
564,Shingu,JP,33.7333,135.9833,82.78,86,100,13.04,light rain
565,Taltal,CL,-25.4,-70.4833,56.88,74,33,2.93,scattered clouds
566,Madera,US,37.1666,-119.8343,95.09,19,0,5.41,clear sky
567,Sedniv,UA,51.6447,31.565,56.57,80,100,5.88,overcast clouds
568,Rancho Palos Verdes,US,33.7445,-118.387,79.41,78,1,5.99,clear sky
569,Veraval,IN,20.9,70.3667,80.76,87,100,11.86,overcast clouds
570,Martapura,ID,-3.4167,114.85,86.09,70,40,2.3,scattered clouds
571,San Francisco,US,37.7749,-122.4194,71.26,82,20,18.01,few clouds
572,San Carlos De Bariloche,AR,-41.1456,-71.3082,22.75,80,0,6.91,clear sky
573,Raudeberg,NO,61.9875,5.1352,52.95,79,77,4.65,broken clouds
574,Prata,BR,-19.3072,-48.9242,64.4,36,77,6.08,broken clouds
575,Kaduna,NG,10.5222,7.4383,67.53,96,90,4.0,overcast clouds
576,Port-Cartier,CA,50.0334,-66.8654,62.74,94,97,2.98,overcast clouds
577,Savonlinna,FI,61.8699,28.88,55.45,100,0,1.14,clear sky
578,Pag,HR,44.445,15.0575,73.98,45,39,16.06,scattered clouds
579,Grand Gaube,MU,-20.0064,57.6608,70.38,68,47,10.0,scattered clouds
580,Kuusamo,FI,65.9667,29.1833,53.64,94,20,2.3,few clouds
581,Busayra,JO,30.7376,35.6078,71.91,45,0,1.3,clear sky
582,Port Moresby,PG,-9.4431,147.1797,85.42,70,75,17.27,haze
583,Tantoyuca,MX,21.35,-98.2333,77.36,80,84,6.6,broken clouds
584,Valparaiso,CL,-33.0393,-71.6273,51.48,81,0,4.61,clear sky
585,Ciudad Bolivar,VE,8.1222,-63.5497,76.66,83,74,9.4,broken clouds
586,Aljezur,PT,37.3191,-8.8033,63.3,94,14,8.25,few clouds
587,Kundiawa,PG,-6.0167,144.9667,69.84,90,100,1.52,overcast clouds
588,Bugasong,PH,11.0439,122.0659,80.47,82,100,4.09,light rain
589,Mikuni,JP,36.2171,136.1519,80.51,87,100,15.41,moderate rain
590,Port-Gentil,GA,-0.7193,8.7815,74.03,77,100,10.94,overcast clouds
591,Tautira,PF,-17.7333,-149.15,76.21,72,20,3.27,light rain
592,Batagay-Alyta,RU,67.8006,130.4114,41.68,94,100,6.69,light rain
593,Sabang,ID,5.8933,95.3214,82.99,72,91,16.8,overcast clouds
594,Yatou,CN,37.15,122.3833,85.46,51,50,1.32,scattered clouds
595,Republic,US,37.12,-93.4802,82.2,53,0,9.22,clear sky
596,Lyngseidet,NO,69.5763,20.2189,50.0,92,100,0.92,overcast clouds
597,Matara,LK,5.9485,80.5353,85.03,70,86,14.2,overcast clouds
598,Bara,NG,10.3744,10.7288,70.65,92,78,3.96,light rain
599,Thinadhoo,MV,0.5333,72.9333,82.27,76,73,10.11,light rain
600,Dukat,RU,62.55,155.55,77.41,52,89,13.58,overcast clouds
601,Havelock,US,34.8791,-76.9013,84.18,88,20,13.8,few clouds
602,Pascagoula,US,30.3658,-88.5561,84.2,79,0,3.44,clear sky
603,Isangel,VU,-19.55,169.2667,84.31,74,40,4.61,scattered clouds
604,Duku,NG,11.2361,4.9073,72.27,92,99,2.98,overcast clouds
605,Narasannapeta,IN,18.4167,84.05,86.41,67,77,5.57,broken clouds
606,Idah,NG,7.1065,6.7342,69.55,98,72,2.77,broken clouds
607,Sile,TR,41.1754,29.6133,70.57,57,0,7.0,clear sky
608,Maumere,ID,-8.6199,122.2111,81.46,59,55,5.66,broken clouds
609,Matay,EG,28.419,30.7792,80.4,44,4,7.87,clear sky
610,Lethem,GY,3.3803,-59.7968,74.57,91,77,4.5,broken clouds
611,Toamasina,MG,-18.1667,49.3833,71.6,83,75,13.8,broken clouds
612,Mamallapuram,IN,12.6264,80.1722,89.65,64,100,4.5,overcast clouds
613,Cap Malheureux,MU,-19.9842,57.6142,70.47,68,43,10.0,scattered clouds
614,Chingirlau,KZ,51.095,54.0814,78.46,59,4,17.83,clear sky
615,Ayr,GB,55.4627,-4.6339,66.18,63,100,4.61,overcast clouds
616,Nueva Loja,EC,0.0847,-76.8828,69.89,88,80,2.42,broken clouds
617,Ambilobe,MG,-13.2,49.05,70.68,49,1,12.48,clear sky
618,Kolda,SN,12.8833,-14.95,77.31,100,20,0.0,few clouds
619,Asnaes,DK,55.8123,11.5013,60.28,93,5,7.74,clear sky
620,Cateel,PH,7.7914,126.4533,85.01,66,91,4.41,overcast clouds
621,Cascavel,BR,-24.9558,-53.4553,57.47,95,48,4.61,scattered clouds
622,Marfino,RU,55.7028,37.3822,55.54,81,0,11.18,clear sky
623,Port Shepstone,ZA,-30.7414,30.455,61.18,35,0,6.31,clear sky
624,Deputatskiy,RU,69.3,139.9,39.74,91,100,6.06,light rain
625,Maltahohe,NA,-24.8333,16.9833,51.01,38,2,6.73,clear sky
626,Palu,ID,-0.8917,119.8707,87.85,58,98,1.45,overcast clouds
627,Kununurra,AU,-15.7667,128.7333,87.78,33,36,5.75,scattered clouds
628,Bonfim,BR,3.0833,-59.95,76.24,86,80,4.52,broken clouds
629,Ukiah,US,39.1502,-123.2078,84.09,26,0,5.75,clear sky
630,Richards Bay,ZA,-28.783,32.0377,62.58,85,0,9.71,clear sky
631,Chushan,CN,33.2955,113.6528,81.18,71,100,6.91,overcast clouds
632,Jardim,BR,-21.4803,-56.1381,68.81,61,96,4.41,overcast clouds
633,Steinbach,DE,50.1667,8.5667,67.1,49,0,8.05,clear sky
634,North Platte,US,41.1239,-100.7654,93.09,27,0,8.05,clear sky
635,Narsaq,GL,60.9167,-46.05,46.62,73,39,0.56,scattered clouds
636,Vredendal,ZA,-31.6683,18.5012,50.43,96,33,3.22,scattered clouds
637,Santa Rosa,PH,14.3122,121.1114,93.11,70,44,6.49,scattered clouds
638,Karla,EE,59.3723,24.9275,60.57,94,20,2.3,few clouds
639,Alikalia,SL,9.1667,-11.4,69.48,99,100,2.33,light rain
640,Calvinia,ZA,-31.4707,19.776,49.69,68,99,3.74,overcast clouds
641,Antalaha,MG,-14.9003,50.2788,66.0,87,39,6.4,light rain
642,Languyan,PH,5.2618,120.0807,84.7,69,89,4.12,overcast clouds
643,Nemuro,JP,43.3236,145.575,61.92,96,99,7.38,overcast clouds
644,Sun Valley,US,39.5963,-119.776,84.88,29,20,25.32,few clouds
645,Maholi,IN,27.6667,80.4667,97.93,42,18,8.28,few clouds
646,Gisborne,NZ,-38.6533,178.0042,58.6,74,100,6.87,overcast clouds
647,Bubaque,GW,11.2833,-15.8333,78.75,85,100,14.05,moderate rain
648,Olga,RU,43.7444,135.2892,74.17,71,56,6.38,broken clouds
649,Surt,LY,31.2089,16.5887,79.12,67,0,8.39,clear sky
650,Nantucket,US,41.2835,-70.0995,75.34,94,75,17.27,mist
651,Eydhafushi,MV,5.1033,73.0708,82.29,79,100,18.59,overcast clouds
652,Rawah,IQ,34.4816,41.9093,92.59,18,0,8.16,clear sky
653,Hammerfest,NO,70.6634,23.6821,50.45,100,100,4.61,fog
654,Nago,JP,26.5881,127.9761,90.03,77,100,15.64,overcast clouds
655,Wukari,NG,7.85,9.7833,71.29,87,98,4.63,overcast clouds
656,Road Town,VG,18.4167,-64.6167,81.9,73,2,20.51,clear sky
657,Andra,RU,62.5147,65.8878,73.17,42,54,2.84,broken clouds
658,Buin,CL,-33.7333,-70.75,59.86,55,4,3.09,clear sky
659,Asau,RO,46.4333,26.4,50.92,57,4,3.76,clear sky
660,Ikalamavony,MG,-21.15,46.5833,59.49,79,83,14.34,broken clouds
661,Marmora,IT,44.4583,7.094,63.46,85,0,2.39,clear sky
662,Pucara,PE,-15.9803,-71.4606,33.93,56,95,3.65,overcast clouds
663,Bom Jesus,BR,-9.0744,-44.3586,67.48,59,1,2.77,clear sky
664,Amapa,BR,1.0,-52.0,70.59,99,96,0.85,overcast clouds
665,Aleksin,RU,54.51,37.08,54.43,86,11,9.57,few clouds
666,Margate,GB,51.3813,1.3862,74.7,69,0,9.26,clear sky
667,Bud,US,39.447,-86.1758,75.22,90,0,0.54,clear sky
668,Nizhnyaya Poyma,RU,56.1622,97.1933,66.94,49,100,11.97,overcast clouds
669,Dwarka,IN,22.2394,68.9678,82.98,81,79,13.62,broken clouds
670,Erzin,TR,36.9559,36.2,78.51,67,0,1.45,clear sky
671,Quelimane,MZ,-17.8786,36.8883,64.35,93,20,0.0,few clouds
672,Port Washington,US,40.8257,-73.6982,80.2,77,75,17.0,broken clouds
673,Hagdan,PH,11.3333,123.9,81.99,74,100,1.83,overcast clouds
674,Bitkine,TD,11.9801,18.2138,76.39,77,100,5.59,overcast clouds
675,Tessalit,ML,20.1986,1.0114,84.61,47,45,12.55,scattered clouds
676,Shevchenko,UA,48.5,35.0,61.18,65,3,5.46,clear sky
677,Havoysund,NO,70.9963,24.6622,53.83,95,98,6.33,overcast clouds
678,Voh,NC,-20.9667,164.7,77.4,81,99,5.66,overcast clouds
679,Sorland,NO,67.667,12.6934,53.31,84,85,11.7,overcast clouds
680,Nouadhibou,MR,20.931,-17.0347,69.78,83,38,9.22,scattered clouds
681,Athabasca,CA,54.7169,-113.2854,73.81,80,13,4.63,light rain
682,Madingou,CG,-4.1536,13.55,67.82,88,55,2.73,broken clouds
683,Slave Lake,CA,55.2834,-114.769,75.18,60,40,11.5,scattered clouds
684,Hays,US,30.0502,-98.0336,89.6,59,2,7.0,clear sky
685,Dauphin,CA,51.1494,-100.0502,71.74,88,0,8.05,clear sky
686,Hay River,CA,60.8156,-115.7999,75.18,46,100,2.3,overcast clouds
687,Amalapuram,IN,16.5833,82.0167,88.05,63,78,5.66,broken clouds
688,Rudnichnyy,RU,59.617,52.4703,67.14,80,100,10.69,overcast clouds
689,Huaraz,PE,-9.5333,-77.5333,49.39,80,100,8.39,overcast clouds
690,Staunton,US,38.1496,-79.0717,74.07,87,0,3.0,clear sky
691,Khash,IR,28.2211,61.2158,86.58,35,38,2.44,scattered clouds
692,Mehamn,NO,71.0357,27.8492,58.95,77,0,3.44,clear sky
693,Ulaangom,MN,49.9811,92.0667,66.99,40,63,6.2,broken clouds
694,Orlik,RU,52.5178,99.825,46.98,95,100,6.85,heavy intensity rain
695,Ipatovo,RU,45.7181,42.9036,67.32,64,100,7.36,light rain
696,Ilongero,TZ,-4.6667,34.8667,53.8,86,74,11.56,broken clouds
697,Tonj,SS,7.2737,28.6822,68.92,98,95,3.02,overcast clouds
698,Dobretu,RO,44.5,23.95,62.22,48,65,4.79,broken clouds
699,Mecca,SA,21.4267,39.8261,88.3,22,29,5.48,scattered clouds
700,Yuanping,CN,38.7153,112.7575,81.25,41,100,7.11,overcast clouds
701,Yumen,CN,40.2833,97.2,83.64,18,9,11.92,clear sky
702,Mount Isa,AU,-20.7333,139.5,76.77,27,0,9.22,clear sky
703,Khuzdar,PK,27.7384,66.6434,79.83,64,16,2.82,few clouds
